rev,time
3a733506adaa4920732655b3840bacd637d016a9,6.207123041152954
5942a112d5cf51d8697827cbf41c0088a75047c2,2.851764917373657
9d352dd60ea9644056ba42977ceefb31774dc06,2.872398853302002
9d85511b63709e8811bf357082544e3af0b89bc0,2.884173631668091
v0.6.3,2.8572709560394287
c522fc8af6effa27906edd4d0ffc90b95420837e,3.628795862197876
