rev,time
3a733506adaa4920732655b3840bacd637d016a9,4.65790867805481
5942a112d5cf51d8697827cbf41c0088a75047c2,2.76222562789917
9d352dd60ea9644056ba42977ceefb31774dc06,2.776607275009156
9d85511b63709e8811bf357082544e3af0b89bc0,2.794894933700561
v0.6.3,2.7792699337005615
